{"loss": [4.160305023193359, 3.5807738304138184, 3.570138931274414, 3.5791218280792236, 3.5720255374908447, 3.5627706050872803, 3.5571982860565186, 3.5568628311157227, 3.5415821075439453, 3.512857437133789, 3.4691548347473145, 3.4141340255737305, 3.373817205429077, 3.327690839767456, 3.252051591873169, 3.1314923763275146, 3.051252841949463, 2.8746798038482666, 2.7128262519836426, 2.590399980545044, 2.4542267322540283, 2.317194938659668, 2.1960370540618896, 2.0175511837005615, 1.9131697416305542, 1.8449543714523315, 1.6508902311325073, 1.5293188095092773, 1.4738049507141113, 1.3995834589004517, 1.2950247526168823, 1.2221404314041138], "accuracy": [0.031139647588133812, 0.028250401839613914, 0.033065810799598694, 0.033707864582538605, 0.039165329188108444, 0.03820224851369858, 0.03402889147400856, 0.04751203954219818, 0.04847512021660805, 0.05264847353100777, 0.06805778294801712, 0.08218298852443695, 0.08731941878795624, 0.10754413902759552, 0.12359550595283508, 0.15345104038715363, 0.18394863605499268, 0.21348313987255096, 0.26099517941474915, 0.2892455756664276, 0.33547350764274597, 0.37528088688850403, 0.40321028232574463, 0.44622793793678284, 0.4780096411705017, 0.4930979013442993, 0.544462263584137, 0.5791332125663757, 0.5900481343269348, 0.617014467716217, 0.644622802734375, 0.6600320935249329], "val_loss": [3.581845998764038, 3.548823356628418, 3.575589656829834, 3.541097640991211, 3.577256917953491, 3.575256109237671, 3.5752415657043457, 3.531081438064575, 3.5048751831054688, 3.445890426635742, 3.4180185794830322, 3.432516098022461, 3.3853325843811035, 3.1288552284240723, 3.0669915676116943, 2.913344621658325, 2.7571611404418945, 2.666804790496826, 2.471846103668213, 2.3801815509796143, 2.1659369468688965, 2.120518445968628, 2.0384042263031006, 1.8890886306762695, 1.8111622333526611, 1.7256120443344116, 1.7799437046051025, 1.827192783355713, 1.6839029788970947, 1.58385169506073, 1.5344913005828857, 1.6347064971923828], "val_accuracy": [0.03133903071284294, 0.054131053388118744, 0.03418803587555885, 0.056980058550834656, 0.03133903071284294, 0.03133903071284294, 0.03418803587555885, 0.054131053388118744, 0.056980058550834656, 0.07977207750082016, 0.07692307978868484, 0.09116809070110321, 0.10256410390138626, 0.17378917336463928, 0.18803419172763824, 0.22792023420333862, 0.2877492904663086, 0.3276353180408478, 0.3361823260784149, 0.38746437430381775, 0.45299145579338074, 0.4472934603691101, 0.4871794879436493, 0.5327635407447815, 0.5242165327072144, 0.561253547668457, 0.5726495981216431, 0.56695157289505, 0.5811966061592102, 0.6182336211204529, 0.6410256624221802, 0.6467236280441284]}