{"loss": [5.171298980712891, 3.422614812850952, 3.2434704303741455, 2.9643869400024414, 2.634605646133423, 2.170553684234619, 1.6106371879577637, 1.1615582704544067, 0.8131313323974609, 0.5172154903411865, 0.36886101961135864, 0.289957195520401, 0.29486262798309326, 0.21393896639347076, 0.20327787101268768, 0.18168118596076965, 0.17011047899723053, 0.1581449806690216, 0.15446630120277405, 0.18059250712394714, 0.1721166968345642, 0.1485704928636551, 0.14589086174964905, 0.1528816968202591, 0.15638001263141632, 0.18802985548973083, 0.17664167284965515, 0.13255558907985687, 0.10910369455814362, 0.1540709286928177, 0.10157414525747299, 0.0883546993136406], "accuracy": [0.0423756018280983, 0.07158908247947693, 0.09983948618173599, 0.1643659770488739, 0.25361156463623047, 0.37207064032554626, 0.5261636972427368, 0.6577849388122559, 0.7605136632919312, 0.8593900203704834, 0.9020866751670837, 0.9226323962211609, 0.9181380271911621, 0.9357945322990417, 0.9434992074966431, 0.9505618214607239, 0.9534510374069214, 0.9627608060836792, 0.9566613435745239, 0.9524879455566406, 0.9512038230895996, 0.9573033452033997, 0.9605136513710022, 0.9573033452033997, 0.9540930986404419, 0.9479935765266418, 0.9518458843231201, 0.9656500816345215, 0.96982342004776, 0.9585874676704407, 0.9701444506645203, 0.9752808809280396], "val_loss": [3.4347310066223145, 3.0846805572509766, 2.7791378498077393, 2.294188976287842, 1.6978721618652344, 1.1953787803649902, 0.7208080291748047, 0.5190733075141907, 0.4668923318386078, 0.37324416637420654, 0.35870733857154846, 0.4670141935348511, 0.42385852336883545, 0.3072204291820526, 0.2985808253288269, 0.3208351135253906, 0.34054648876190186, 0.301833838224411, 0.3789040446281433, 0.37063610553741455, 0.29608970880508423, 0.3326985538005829, 0.2968982458114624, 0.33729851245880127, 0.4302726089954376, 0.38571441173553467, 0.3334880769252777, 0.2914614975452423, 0.31364020705223083, 0.29406851530075073, 0.3189373314380646, 0.3081575036048889], "val_accuracy": [0.0655270665884018, 0.07977207750082016, 0.2905983030796051, 0.45868945121765137, 0.5470085740089417, 0.7264957427978516, 0.8347578644752502, 0.9059829115867615, 0.9173789024353027, 0.9487179517745972, 0.9230769276618958, 0.934472918510437, 0.9259259104728699, 0.9572649598121643, 0.9487179517745972, 0.9430199265480042, 0.9515669345855713, 0.9487179517745972, 0.9572649598121643, 0.945868968963623, 0.9572649598121643, 0.9572649598121643, 0.9601139426231384, 0.9430199265480042, 0.9430199265480042, 0.9544159770011902, 0.9572649598121643, 0.9601139426231384, 0.9601139426231384, 0.9601139426231384, 0.9544159770011902, 0.9572649598121643]}